"scenario_id","method","n_reps","n","p","ate_true","mean_bias","sd_bias","mean_abs_bias","rmse_ate","mean_pehe","sd_pehe","coverage","mean_ci_length","sd_ci_length","mean_time","sd_time","total_time"
"S1_n1000_p100","gformula",50,1000,100,2,0.0263722371503121,0.07458086844765,0.0610683526704165,0.0783999662751832,0.0610683526704165,0.0496642915090244,0.86,0.270572846299116,0.013267058082231,1.84144,0.156195999321628,92.0719999999999
"S1_n1000_p100","hdml",50,1000,100,2,0.0232572741037897,0.0736565851680637,0.0597495408863176,0.0765355308767544,0.0619304720839487,0.0497343550887219,0.88,0.278214641609323,0.0182001693196225,0.080620000000003,0.0504546229754204,4.03100000000015
"S1_n1000_p100","hdps",50,1000,100,2,0.0406987122509417,0.0778708087944915,0.0683890180863787,0.0871720757120481,0.0683890180863787,0.054603515147444,0.98,0.406294884258548,0.0233042421343111,0.0602199999999999,0.0118602233519941,3.01099999999999
"S1_n1000_p100","tmle",50,1000,100,2,0.0231079458564308,0.0738843468002662,0.0599526755710355,0.0767052535995006,0.061321206074161,0.0475668871493363,0.88,0.277464287316725,0.0173577003172707,0.0961599999999999,0.0134927947514252,4.80799999999999
"S1_n1000_p50","gformula",50,1000,50,2,0.0135594174740496,0.0558034295874995,0.0453037136491255,0.0568823355787017,0.0453037136491256,0.034746511063821,0.98,0.268835858254061,0.0133845142908017,1.99354,0.0973529681528131,99.6770000000001
"S1_n1000_p50","hdml",50,1000,50,2,0.0120539678198984,0.0589125562260399,0.0487103721239932,0.0595531160869667,0.045977785051066,0.0348746824038027,0.96,0.2785219007845,0.0161282444216825,0.0917800000000022,0.0158195048814421,4.58900000000011
"S1_n1000_p50","hdps",50,1000,50,2,0.0263009458944295,0.0654155495220644,0.0559079033729964,0.0698952787520723,0.0559079033729964,0.0423741393539183,1,0.413375951445344,0.0293467477994118,0.0615600000000029,0.0103886908683999,3.07800000000015
"S1_n1000_p50","tmle",50,1000,50,2,0.0116384434147113,0.0590507232783814,0.0486947402823622,0.0596045428337757,0.0503034641484351,0.0341708800550898,0.96,0.277274460509499,0.0156677740451246,0.0892600000000039,0.0134419538181356,4.46300000000019
"S1_n2000_p100","gformula",50,2000,100,2,0.0136946277685752,0.049369200330877,0.0422595028143077,0.0507554372673893,0.0422595028143077,0.0283967667405598,0.94,0.191658039495088,0.00802168070081274,2.4618,0.2933332019171,123.09
"S1_n2000_p100","hdml",50,2000,100,2,0.0151113380044039,0.0511787077778898,0.0440705342979494,0.0528699107574591,0.0428037585921143,0.0285001471810446,0.94,0.198071288114601,0.00965877835892946,0.11614,0.0150590809270534,5.80700000000002
"S1_n2000_p100","hdps",50,2000,100,2,0.0278084178464004,0.0538477365521633,0.0499083406260616,0.0601239990376169,0.0499083406260616,0.033867279920487,0.98,0.288769582412803,0.0191349988616321,0.0833799999999962,0.00398410105600542,4.16899999999981
"S1_n2000_p100","tmle",50,2000,100,2,0.0151271593191624,0.0512329828548063,0.044083819775724,0.0529259209709588,0.0446902331841499,0.0291730954563183,0.94,0.197918040634342,0.00946786752021765,0.116139999999998,0.012445817263124,5.8069999999999
"S1_n2000_p50","gformula",50,2000,50,2,0.00857650872186162,0.0510247200289461,0.0410886522705396,0.0512348330221526,0.0410886522705396,0.0309167870885067,0.92,0.190438755993905,0.00643865860214745,2.80566,0.186997283620998,140.283
"S1_n2000_p50","hdml",50,2000,50,2,0.0075920549679219,0.0554596042747748,0.0442834699617354,0.0554246484050578,0.0413207302973978,0.0311539260943312,0.96,0.197249611010703,0.0110212764589182,0.149499999999995,0.0293669604717084,7.47499999999977
"S1_n2000_p50","hdps",50,2000,50,2,0.0191709667600873,0.0588471449691482,0.0489310297495819,0.0613290527247562,0.0489310297495819,0.0373484288629668,0.98,0.287685557059935,0.0234333175649193,0.09894,0.0109979775506252,4.947
"S1_n2000_p50","tmle",50,2000,50,2,0.00760395488157996,0.0553211790140622,0.0442319903233994,0.0552905445840146,0.0450023502083405,0.0331411703113965,0.96,0.196762689932012,0.00954700660917605,0.1426,0.016216645517391,7.13
"S1_n500_p100","gformula",50,500,100,2,0.0184084011490738,0.0917764291289688,0.072290664824583,0.0927001829429509,0.072290664824583,0.0586183061264921,0.96,0.382276603579081,0.019151230765051,1.32894,0.198005814179734,66.4469999999999
"S1_n500_p100","hdml",50,500,100,2,0.0193160142408741,0.0900576157027938,0.070370343719021,0.0912210231761533,0.0727636562499849,0.0587678424537172,1,0.39087844228188,0.0266539805780348,0.0662799999999999,0.0110139799846407,3.31399999999999
"S1_n500_p100","hdps",50,500,100,2,0.0542827352060405,0.0969427961091424,0.0888650972619337,0.110256804527243,0.0888650972619337,0.065927893768269,0.98,0.57369174899061,0.0509872934247755,0.0409200000000004,0.00792011131647291,2.04600000000002
"S1_n500_p100","tmle",50,500,100,2,0.0188834191068891,0.0901386350454787,0.0705056689816355,0.0912088678499585,0.0738987403682842,0.0562981010132355,1,0.389232900594244,0.0256928540987118,0.065799999999997,0.01064645193365,3.28999999999985
"S1_n500_p50","gformula",50,500,50,2,0.00229133262421732,0.109476771771128,0.0913686435467489,0.108400694146642,0.0913686435467489,0.0589229994586588,0.94,0.38320813948527,0.0200947509720824,1.60028,0.103228701909688,80.014
"S1_n500_p50","hdml",50,500,50,2,0.00620597821994387,0.110486641426454,0.0940693389593378,0.109552116094078,0.0913996416258758,0.0592758176294559,0.98,0.389602617542506,0.0359985489512687,0.0767200000000003,0.0700728600407157,3.83600000000001
"S1_n500_p50","hdps",50,500,50,2,0.0391807222258799,0.113890271843976,0.100799628455566,0.119359554014006,0.100799628455566,0.0645718871478837,1,0.576577507559662,0.0624971214229373,0.0335999999999999,0.00767715933859795,1.67999999999999
"S1_n500_p50","tmle",50,500,50,2,0.00620028537889513,0.110115358148566,0.0942530388692215,0.109184833181917,0.0955462595969558,0.0554660987453521,0.98,0.38827406912303,0.0317340996182023,0.0526200000000009,0.00469863201976491,2.63100000000004
"S10_str0","gformula",50,1000,100,2,0.00338184432096174,0.0677123764568032,0.0538839433093515,0.067117087823672,0.0538839433093515,0.0404215558194183,0.98,0.273432283061653,0.0123453357667389,1.94914,0.0855655876852282,97.457
"S10_str0","hdml",50,1000,100,2,-0.000684274683635539,0.0721500049755346,0.0587527121245773,0.071428138611145,0.0540955222045307,0.0404666898396502,0.98,0.282067187630339,0.0171460142410906,0.0911199999999963,0.0111073426716051,4.55599999999981
"S10_str0","hdps",50,1000,100,2,0.0126090040799322,0.0751795828105608,0.0621687076055949,0.0754845498233004,0.0621687076055949,0.0432478506800659,1,0.415628500520004,0.0406443629623125,0.0613599999999985,0.0110689121564211,3.06799999999993
"S10_str0","tmle",50,1000,100,2,-0.000858207803112051,0.0721067701888704,0.058781145714608,0.0713872194553232,0.0596783971678129,0.0404035595038948,0.98,0.281407606077623,0.016925365712038,0.0881599999999992,0.0130639869527663,4.40799999999996
"S10_str0.5","gformula",50,1000,100,2,1.00423741322815,0.086978400043616,1.00423741322815,1.00792198079009,1.00423741322815,0.086978400043616,0,0.377368033189482,0.0158600919545026,1.77588,0.241220167025045,88.794
"S10_str0.5","hdml",50,1000,100,2,1.00152490343746,0.0868504003598647,1.00152490343746,1.00520856761531,1.00506316563694,0.0872501175308048,0,0.381910227835354,0.0167829802524887,0.0983800000000004,0.0610452792806203,4.91900000000002
"S10_str0.5","hdps",50,1000,100,2,1.01090135382687,0.0875993549946017,1.01090135382687,1.01461407501797,1.01090135382687,0.0875993549946017,0,0.472242052520622,0.0264607907608655,0.0581799999999996,0.00975974656746817,2.90899999999998
"S10_str0.5","tmle",50,1000,100,2,1.00150278513714,0.0868737234888941,1.00150278513714,1.00518850550214,1.00151070588739,0.0868750316672927,0,0.381776352983044,0.0168646447087327,0.0955800000000011,0.0182780006051662,4.77900000000005
"S10_str1","gformula",50,1000,100,2,2.85448676725571,0.12148254120419,2.85448676725571,2.85701899750404,2.85448676725571,0.12148254120419,0,0.511757344226753,0.0163191790940883,2.05906,0.168236520823441,102.953
"S10_str1","hdml",50,1000,100,2,2.86000639981016,0.121216819365795,2.86000639981016,2.86252270801583,2.82028084782347,0.121704902354301,0,0.51465442667776,0.0152995098258303,0.0834599999999983,0.0154063464262011,4.17299999999992
"S10_str1","hdps",50,1000,100,2,2.86468446515469,0.121150146934047,2.86468446515469,2.8671939062154,2.86468446515469,0.121150146934047,0,0.58898021759813,0.0214511531679252,0.0571200000000016,0.00777657392691816,2.85600000000008
"S10_str1","tmle",50,1000,100,2,2.85945946019129,0.120983117658587,2.85945946019129,2.86196655831976,2.85947229206936,0.120980641077068,0,0.514477636603006,0.0151743928131417,0.0845200000000006,0.0107878238239766,4.22600000000003
"S10_str2","gformula",50,1000,100,2,6.65223368677377,0.178946795373282,6.65223368677377,6.65459198898855,6.65223368677377,0.178946795373282,0,0.792898359017406,0.031405676412305,1.98204,0.0818093752423973,99.1020000000001
"S10_str2","hdml",50,1000,100,2,6.65972372185455,0.177599650722055,6.65972372185455,6.66204404478461,6.42373675805099,0.203461233964461,0,0.79044563966104,0.0178236265105666,0.0744199999999933,0.0109639297289829,3.72099999999966
"S10_str2","hdps",50,1000,100,2,6.6644699015431,0.176675192553223,6.6644699015431,6.6667645008478,6.6644699015431,0.176675192553223,0,0.845074563105772,0.0290470825808104,0.0489400000000023,0.00741319837884652,2.44700000000012
"S10_str2","tmle",50,1000,100,2,6.6592890241604,0.178484001329075,6.6592890241604,6.66163266138707,6.65930175815074,0.178485007712174,0,0.78995959852003,0.0185745415670789,0.0759600000000034,0.0140958236686518,3.79800000000017
"S11_str0","gformula",50,1000,100,2,0.0263722371503121,0.07458086844765,0.0610683526704165,0.0783999662751832,0.0610683526704165,0.0496642915090244,0.86,0.269432234960842,0.0135296856814355,1.74784,0.232568037883319,87.3919999999999
"S11_str0","hdml",50,1000,100,2,0.0232220054346508,0.0737321273130713,0.059858157853367,0.0765960808563707,0.0619332333902864,0.0497280651246807,0.88,0.278105760756956,0.0177927531256962,0.0641000000000042,0.00146036059287564,3.20500000000021
"S11_str0","hdps",50,1000,100,2,0.040674875389954,0.07937657589908,0.0689287666949053,0.0884820517021472,0.0689287666949053,0.0560420632417163,0.98,0.406239812470656,0.0230934618554278,0.06606,0.0671545309000678,3.303
"S11_str0","tmle",50,1000,100,2,0.0230454602840353,0.0738505653190607,0.0599038409317282,0.0766545570575488,0.0612932079937218,0.0475197102412284,0.88,0.277363574297917,0.0169671295525498,0.0955,0.0129744647170462,4.775
"S11_str0.5","gformula",50,1000,100,2,0.0263722371503121,0.07458086844765,0.0610683526704165,0.0783999662751832,0.0610683526704165,0.0496642915090244,0.86,0.269432234960842,0.0135296856814355,2.00646,0.124578015880879,100.323
"S11_str0.5","hdml",50,1000,100,2,0.0232220054346508,0.0737321273130713,0.059858157853367,0.0765960808563707,0.0619332333902864,0.0497280651246807,0.88,0.278105760756956,0.0177927531256962,0.0956399999999979,0.0126777323666051,4.7819999999999
"S11_str0.5","hdps",50,1000,100,2,0.040674875389954,0.07937657589908,0.0689287666949053,0.0884820517021472,0.0689287666949053,0.0560420632417163,0.98,0.406239812470656,0.0230934618554278,0.0598799999999983,0.00949036030799358,2.99399999999991
"S11_str0.5","tmle",50,1000,100,2,0.0230454602840353,0.0738505653190607,0.0599038409317282,0.0766545570575488,0.0612932079937218,0.0475197102412284,0.88,0.277363574297917,0.0169671295525498,0.0740999999999974,0.010182518031873,3.70499999999987
"S11_str1","gformula",50,1000,100,2,0.0263722371503121,0.07458086844765,0.0610683526704165,0.0783999662751832,0.0610683526704165,0.0496642915090244,0.86,0.269432234960842,0.0135296856814355,1.94054,0.188953315689895,97.0269999999998
"S11_str1","hdml",50,1000,100,2,0.0232220054346508,0.0737321273130713,0.059858157853367,0.0765960808563707,0.0619332333902864,0.0497280651246807,0.88,0.278105760756956,0.0177927531256962,0.0926800000000003,0.0124235457819369,4.63400000000001
"S11_str1","hdps",50,1000,100,2,0.040674875389954,0.07937657589908,0.0689287666949053,0.0884820517021472,0.0689287666949053,0.0560420632417163,0.98,0.406239812470656,0.0230934618554278,0.062439999999998,0.00928057000360612,3.1219999999999
"S11_str1","tmle",50,1000,100,2,0.0230454602840353,0.0738505653190607,0.0599038409317282,0.0766545570575488,0.0612932079937218,0.0475197102412284,0.88,0.277363574297917,0.0169671295525498,0.0918200000000002,0.0117572209683238,4.59100000000001
"S11_str2","gformula",50,1000,100,2,0.0263722371503121,0.07458086844765,0.0610683526704165,0.0783999662751832,0.0610683526704165,0.0496642915090244,0.86,0.269432234960842,0.0135296856814355,1.93072,0.0880452202923372,96.5359999999999
"S11_str2","hdml",50,1000,100,2,0.0232220054346508,0.0737321273130713,0.059858157853367,0.0765960808563707,0.0619332333902864,0.0497280651246807,0.88,0.278105760756956,0.0177927531256962,0.088140000000003,0.0106349635156686,4.40700000000015
"S11_str2","hdps",50,1000,100,2,0.040674875389954,0.07937657589908,0.0689287666949053,0.0884820517021472,0.0689287666949053,0.0560420632417163,0.98,0.406239812470656,0.0230934618554278,0.0617599999999993,0.0102848412327858,3.08799999999997
"S11_str2","tmle",50,1000,100,2,0.0230454602840353,0.0738505653190607,0.0599038409317282,0.0766545570575488,0.0612932079937218,0.0475197102412284,0.88,0.277363574297917,0.0169671295525498,0.0927200000000039,0.0155865457418655,4.63600000000019
"S12_nonlinear_outcome_moderate","gformula",50,1000,100,2,1.79942565517936,0.147361687669786,1.79942565517936,1.80532929023231,1.79942565517936,0.147361687669786,0,0.504182610569383,0.0293671472518065,2.12054,0.37636652836493,106.027
"S12_nonlinear_outcome_moderate","hdml",50,1000,100,2,1.88356607990966,0.156614588010536,1.88356607990966,1.8899361745785,1.69931470870829,0.142784029304045,0,0.534747948556313,0.049797569245092,0.15978,0.171592694055024,7.98900000000001
"S12_nonlinear_outcome_moderate","hdps",50,1000,100,2,1.89630790962901,0.149764030785234,1.89630790962901,1.90209473153685,1.89630790962901,0.149764030785234,0,0.806361332284984,0.0637753113992981,0.0930800000000001,0.0963869412782644,4.654
"S12_nonlinear_outcome_moderate","tmle",50,1000,100,2,1.88395039305195,0.154842749098879,1.88395039305195,1.89017613858871,1.88401250190815,0.154843612214689,0,0.534486153363952,0.0456525887473043,0.15066,0.156406144511066,7.533
"S12_nonlinear_outcome_severe","gformula",50,1000,100,2,0.425112163807056,0.0869187909849587,0.425112163807056,0.433732786999644,0.425112163807056,0.0869187909849588,0,0.356232603555078,0.0240739663992991,2.10216,0.401858913205181,105.108
"S12_nonlinear_outcome_severe","hdml",50,1000,100,2,0.466108220689393,0.0954423436906928,0.466108220689393,0.475587982968473,0.37961256302359,0.088334848824542,0,0.368314806625691,0.0493460660655581,0.13966,0.117952534555911,6.98300000000001
"S12_nonlinear_outcome_severe","hdps",50,1000,100,2,0.579245804959437,0.102347308684589,0.579245804959437,0.588040113194827,0.579245804959437,0.102347308684589,0.02,0.698013590610115,0.0571543275169881,0.11362,0.148351332852737,5.681
"S12_nonlinear_outcome_severe","tmle",50,1000,100,2,0.47127989385226,0.0962692630954029,0.47127989385226,0.480819252886145,0.472342513939918,0.0964538872754735,0.02,0.369859278129647,0.0539815817962974,0.15342,0.120878263943016,7.671
"S13_nonlinear_propensity_moderate","gformula",50,1000,100,2,0.0184421468953054,0.0672617480261898,0.0545301180306815,0.0690924936204787,0.0545301180306815,0.0428599868372546,0.96,0.248022843907342,0.0103750048241048,1.40134,0.176289952484362,70.067
"S13_nonlinear_propensity_moderate","hdml",50,1000,100,2,0.0185443090750443,0.0662235704461242,0.0537796894340005,0.0681303269921031,0.0532139023598464,0.0358954005604612,0.94,0.24725761626913,0.0062505483617183,0.0734399999999995,0.0675809899607994,3.67199999999997
"S13_nonlinear_propensity_moderate","hdps",50,1000,100,2,0.0208002662030326,0.111203802196779,0.0916442596590444,0.112033972457809,0.0916442596590444,0.0650975771220864,0.98,0.494002973887774,0.0141544754240901,0.04984,0.0579434488558122,2.492
"S13_nonlinear_propensity_moderate","tmle",50,1000,100,2,0.0184590052331915,0.0663214726141626,0.0538119265995947,0.0682004534392249,0.0538150554381867,0.0423217564663934,0.94,0.247269822966833,0.00626531711278118,0.07068,0.0131124492956355,3.534
"S13_nonlinear_propensity_severe","gformula",50,1000,100,2,0.00248208718929903,0.0553851024423001,0.0438665505917358,0.0548846074770375,0.0438665505917358,0.0333204275931594,0.96,0.248000845791577,0.0103740689937706,1.46252,0.180447995787355,73.126
"S13_nonlinear_propensity_severe","hdml",50,1000,100,2,0.00362631740265294,0.0550819808353304,0.0434494606779576,0.0546488270541428,0.0492899309569552,0.0331320011439799,0.96,0.24674924119785,0.00604101653570786,0.0756600000000007,0.0801971066707978,3.78300000000003
"S13_nonlinear_propensity_severe","hdps",50,1000,100,2,0.0932815434424421,0.0722488530633589,0.0934814073261503,0.11754550259621,0.0934814073261503,0.0719847749273754,0.98,0.498453763789413,0.0148264431015663,0.04812,0.00915989483942845,2.406
"S13_nonlinear_propensity_severe","tmle",50,1000,100,2,0.00400630839811521,0.0550973411646092,0.0433397378444485,0.0546905217594599,0.043351658172745,0.0336910266462999,0.96,0.246758713907924,0.00606387933645279,0.09024,0.0647338538690127,4.512
"S14_double_nonlinear","gformula",50,1000,100,2,0.0579060821883271,0.0895376674224332,0.0817585476031254,0.105876193566366,0.0817585476031254,0.0679533773088851,0.9,0.354786722094927,0.0243736412195528,1.43112,0.188177905402395,71.556
"S14_double_nonlinear","hdml",50,1000,100,2,0.0556828887570004,0.0913206971516414,0.081575433425093,0.106175630132442,0.0729243509712273,0.0600312105335424,0.9,0.356569478254288,0.0202574140287584,0.07914,0.0694832265767085,3.957
"S14_double_nonlinear","hdps",50,1000,100,2,0.12017587674201,0.0932305931999804,0.131547110581469,0.151526717079737,0.131547110581469,0.0759679288308324,0.98,0.712932207166987,0.01968451580971,0.05194,0.0644038311701079,2.597
"S14_double_nonlinear","tmle",50,1000,100,2,0.0567101971212326,0.0916196432937814,0.0821728372605369,0.106968791308789,0.0822297357044072,0.0691456494545963,0.9,0.357290682714541,0.0211662147812577,0.07846,0.012935018124361,3.923
"S2_n1000_p100","gformula",50,1000,100,2,0.0177202109608256,0.078491323737217,0.0659273689350865,0.079697402846494,0.0659273689350865,0.0452347397401661,0.98,0.295370978217111,0.0150890736105451,1.94316,0.0685399808840869,97.1579999999999
"S2_n1000_p100","hdml",50,1000,100,2,0.0162835828844321,0.094557712475332,0.0799376782462878,0.0950131193064957,0.0682695181675171,0.0461253753934582,0.94,0.340223745607943,0.0701317825277195,0.0933400000000006,0.0127192767089982,4.66700000000003
"S2_n1000_p100","hdps",50,1000,100,2,0.0744795641067558,0.12600002149134,0.120387462991221,0.145277977605121,0.120387462991221,0.0821431647917935,0.92,0.547722570571129,0.161850802798084,0.0695199999999943,0.0124642181741922,3.47599999999971
"S2_n1000_p100","tmle",50,1000,100,2,0.0169545420319937,0.0935394194656418,0.079724609504486,0.0941386585288134,0.0953002545621489,0.0494302240230251,0.9,0.328040527027866,0.0439988056690136,0.0947599999999954,0.0112296255412135,4.73799999999977
"S2_n1000_p1000","gformula",50,1000,1000,2,0.00343718403594887,0.0635438719958323,0.0493182434089021,0.0629990589529339,0.0493182434089021,0.039597365094976,0.98,0.298827289454891,0.0128928291222045,2.00854,0.116139643251965,100.427
"S2_n1000_p1000","hdml",50,1000,1000,2,0.0161339425184674,0.0762222098204794,0.0608972959837884,0.0771617318734361,0.0507961210160396,0.0394912382783822,1,0.337425916019538,0.0413454738515954,0.0995200000000006,0.0139536258180244,4.97600000000003
"S2_n1000_p1000","hdps",50,1000,1000,2,0.0804583095931538,0.117574937601755,0.115423191347455,0.141495329306671,0.115423191347455,0.0826747692107642,0.92,0.539652308304451,0.153904671713585,0.0657199999999995,0.0132110652446335,3.28599999999997
"S2_n1000_p1000","tmle",50,1000,1000,2,0.0151122425424276,0.0781271595242795,0.0612539147870233,0.078804542184361,0.0903027221228795,0.0593422201754115,0.98,0.326978712393013,0.0345421705131326,0.1053,0.0214259522208788,5.26499999999999
"S2_n1000_p500","gformula",50,1000,500,2,0.00430607847714623,0.0856714481846066,0.0663719626849665,0.0849196526442385,0.0663719626849665,0.0535105365798627,0.94,0.296152378110832,0.0147157156964522,1.67018,0.26029901879123,83.509
"S2_n1000_p500","hdml",50,1000,500,2,0.0140144710131675,0.0983585045650527,0.0797641454308569,0.098373334342427,0.0665570400031527,0.0550607905983551,0.92,0.330878789288486,0.0560595497156631,0.0909999999999991,0.0514916280098239,4.54999999999996
"S2_n1000_p500","hdps",50,1000,500,2,0.0750686442747364,0.126439702771366,0.120876539648128,0.145953964733474,0.120876539648128,0.0826316018024794,0.88,0.510343713811129,0.084728751154456,0.0682799999999997,0.00884109144614977,3.41399999999999
"S2_n1000_p500","tmle",50,1000,500,2,0.0137798834817946,0.103168420790775,0.0829970753393355,0.1030569443379,0.0991293077047096,0.0677651321131171,0.9,0.324135990444311,0.0451999239679702,0.09614,0.0110176296572947,4.807
"S2_n500_p100","gformula",50,500,100,2,0.0224324343980881,0.100249852684274,0.0810007536139272,0.101745989684994,0.0810007536139272,0.0621972203177916,0.96,0.420760051512651,0.0257074848338467,1.23978,0.0448554549272927,61.9890000000001
"S2_n500_p100","hdml",50,500,100,2,0.0377845241397478,0.148878787994825,0.119325301766887,0.152148828155129,0.0836607360083784,0.0628395414163066,0.94,0.509316357537273,0.211419793986688,0.0526199999999983,0.00522118916785733,2.63099999999991
"S2_n500_p100","hdps",50,500,100,2,0.113842771660484,0.172311023678408,0.174214475143317,0.205079115862196,0.174214475143317,0.109296266593063,0.86,0.77361838339825,0.265919773687632,0.0341200000000026,0.0017686614331955,1.70600000000013
"S2_n500_p100","tmle",50,500,100,2,0.0329169622703028,0.141022177357557,0.117168126150123,0.143433036019033,0.150445463850746,0.0970247562828278,0.92,0.462835266030204,0.101674705155254,0.0649800000000012,0.0501782496176764,3.24900000000006
"S2_n500_p1000","gformula",50,500,1000,2,-0.0123686600449567,0.113236804285971,0.0958043018813261,0.112779014534217,0.0958043018813261,0.0601074026846166,0.98,0.417588352402437,0.0268918013566416,1.67372,0.145434330506233,83.6860000000001
"S2_n500_p1000","hdml",50,500,1000,2,0.00242527950597423,0.13868714982592,0.107482096643067,0.137314693303312,0.0956924792072856,0.0595664975595069,0.9,0.481973543690351,0.119742867484362,0.0733600000000024,0.010803929746124,3.66800000000012
"S2_n500_p1000","hdps",50,500,1000,2,0.0661380308236462,0.18817471424472,0.164100036102492,0.19767591593487,0.164100036102492,0.111332128097807,0.92,0.737965882978433,0.189708138100891,0.0491599999999983,0.00977368395024036,2.45799999999991
"S2_n500_p1000","tmle",50,500,1000,2,-0.000166128182996268,0.143997113901235,0.111750850370762,0.142549966798385,0.145149186975872,0.0963298245930318,0.86,0.451363575987168,0.0812401473563641,0.0723400000000015,0.00940605536614558,3.61700000000008
"S2_n500_p500","gformula",50,500,500,2,-0.00549576443539505,0.105291331541344,0.083694821552837,0.104377883838118,0.083694821552837,0.063002425283431,0.96,0.422481296559233,0.0269298534579103,1.61826,0.119222962108301,80.913
"S2_n500_p500","hdml",50,500,500,2,0.0128859942974093,0.116079170587868,0.095481524410503,0.115632760135322,0.0855103078100583,0.0605432353876817,0.96,0.447845789917295,0.0615283831770491,0.0735800000000012,0.0158192468666668,3.67900000000006
"S2_n500_p500","hdps",50,500,500,2,0.10839775887156,0.162693540975377,0.162854985186516,0.194138812806665,0.162854985186516,0.106752299778701,0.9,0.67563239563648,0.118689921472214,0.0493400000000003,0.0075366045513397,2.46700000000001
"S2_n500_p500","tmle",50,500,500,2,0.0131382222804052,0.118152456826792,0.0971881456097082,0.117700534738854,0.115805749167535,0.0669017521310221,0.96,0.438439497518381,0.0540853335345169,0.0753600000000009,0.0104192913700038,3.76800000000004
"S3_str0","gformula",50,1000,100,2,0.0263722371503121,0.07458086844765,0.0610683526704165,0.0783999662751832,0.0610683526704165,0.0496642915090244,0.86,0.270572846299116,0.013267058082231,1.96046,0.115831018721059,98.0229999999999
"S3_str0","hdml",50,1000,100,2,0.0232572741037897,0.0736565851680637,0.0597495408863176,0.0765355308767544,0.0619304720839487,0.0497343550887219,0.88,0.278214641609323,0.0182001693196225,0.095740000000003,0.011538418524252,4.78700000000015
"S3_str0","hdps",50,1000,100,2,0.0406987122509417,0.0778708087944915,0.0683890180863787,0.0871720757120481,0.0683890180863787,0.054603515147444,0.98,0.406294884258548,0.0233042421343111,0.0614399999999989,0.00891263721020653,3.07199999999995
"S3_str0","tmle",50,1000,100,2,0.0231079458564308,0.0738843468002662,0.0599526755710355,0.0767052535995006,0.061321206074161,0.0475668871493363,0.88,0.277464287316725,0.0173577003172707,0.0938199999999927,0.0106630967665689,4.69099999999963
"S3_str0.5","gformula",50,1000,100,2.00783940305213,0.0266243503717538,0.0747983395301043,0.0626239083710864,0.0786876851689606,0.526824676530069,0.0153153235915963,0.88,0.279055001864879,0.0142888612622196,1.9157,0.0821944558436192,95.7849999999999
"S3_str0.5","hdml",50,1000,100,2.00783940305213,0.0247520010715092,0.0723531169388821,0.0605571217171923,0.0757821589637041,0.526938322811258,0.0154163722099533,0.92,0.289815942042579,0.0195935369432051,0.080739999999995,0.0158163052007693,4.03699999999975
"S3_str0.5","hdps",50,1000,100,2.00783940305213,0.0440426667751996,0.0789175488046389,0.0710939676550201,0.0896837578149867,0.528521961242822,0.0172043201029648,1,0.418194940336044,0.0240731475454646,0.048520000000002,0.00263601430734789,2.4260000000001
"S3_str0.5","tmle",50,1000,100,2.00783940305213,0.0246170484430653,0.0725332153081634,0.0606899301371157,0.0759068182084443,0.526333312434278,0.0152297430043602,0.92,0.289058729572706,0.0189012306564394,0.0879799999999992,0.0508481091495218,4.39899999999996
"S3_str1","gformula",50,1000,100,2.01567880610427,0.0268764635931959,0.0763897644006403,0.0650502495297225,0.0802560432513216,1.04502867022922,0.0264485389489012,0.96,0.308128399841824,0.0177502551182794,2.00696,0.118343836651806,100.348
"S3_str1","hdml",50,1000,100,2.01567880610427,0.026239101787931,0.0725455795258,0.0618670591527753,0.0764597564029398,1.04509064014296,0.0264848831638144,0.96,0.320110280328362,0.0215651154844894,0.09976,0.0158687988048952,4.988
"S3_str1","hdps",50,1000,100,2.01567880610427,0.0473866212994577,0.0817111382325719,0.0748245224040579,0.0937478948415133,1.04612809478244,0.0273693729664812,1,0.454160354213351,0.0256500920485326,0.0636600000000001,0.00989869090499618,3.18300000000001
"S3_str1","tmle",50,1000,100,2.01567880610427,0.0261293284114709,0.072689056088516,0.0619911347933344,0.076555644473632,1.04452634471549,0.0265246549135073,0.96,0.319293346050349,0.0210732023857868,0.0890800000000007,0.0132739425575243,4.45400000000004
"S3_str2","gformula",50,1000,100,2.03135761220854,0.0273806900360796,0.0833124340938546,0.0717189003825661,0.0869013499780174,2.0857136465884,0.0521783087585399,0.98,0.395959328732141,0.0208547558429437,2.01582,0.143093189273029,100.791
"S3_str2","hdml",50,1000,100,2.03135761220854,0.0292415263588344,0.0772981544104874,0.0680856840173994,0.0819180776480784,2.0857519774993,0.0522036483764136,1,0.418351192884684,0.0277219207966272,0.0934999999999991,0.0146039552931399,4.67499999999995
"S3_str2","hdps",50,1000,100,2.03135761220854,0.0540745303479738,0.0918042111225807,0.0874326357403779,0.105752105173356,2.08656937275386,0.0527746050369178,1,0.577509761191601,0.033573780795194,0.0640599999999972,0.0105122086457727,3.20299999999986
"S3_str2","tmle",50,1000,100,2.03135761220854,0.0291680924914665,0.0773769646112014,0.0681354740838764,0.0819647996336537,2.08508021455486,0.0523363783227183,1,0.417314121944383,0.0276351008143787,0.0898199999999997,0.0129136693911092,4.49099999999999
"S4a_nonlinear","gformula",50,1000,100,2.49283348401409,0.00765574901566197,0.0791725615032327,0.0627307513487996,0.0787498514162047,0.998410015893265,0.0331815608202473,0.98,0.328663369697557,0.0142915355139185,1.94986,0.0980616236904897,97.4930000000002
"S4a_nonlinear","hdml",50,1000,100,2.49283348401409,0.0203168077302776,0.078996676039959,0.0631869288421277,0.0807987500225347,0.998428673359947,0.0332118013824871,0.94,0.341531608328819,0.0249320408433186,0.0884800000000041,0.0123292252764912,4.42400000000021
"S4a_nonlinear","hdps",50,1000,100,2.49283348401409,0.03883488421017,0.0850639533024372,0.0726746195496817,0.092732447719381,0.99960081019137,0.0334655400222287,1,0.493397031500767,0.0295609787315344,0.0615999999999974,0.010989791181092,3.07999999999987
"S4a_nonlinear","tmle",50,1000,100,2.49283348401409,0.0205480740962506,0.0791001613348872,0.063076541220585,0.0809562978514092,0.998038277390687,0.0331173480387653,0.94,0.340359332227029,0.0236629913865517,0.0861200000000008,0.00977009180497037,4.30600000000004
"S4b_subgroup","gformula",50,1000,100,2.16666666666667,0.0247302723786289,0.0893288679612936,0.0752089658505715,0.0918239625051243,1.43351290857982,0.0169932628289422,0.94,0.346228368367412,0.0184322198128454,1.45246,0.19443966694487,72.6229999999999
"S4b_subgroup","hdml",50,1000,100,2.16666666666667,0.0249879855994313,0.0853433822683539,0.07153930898093,0.0881034758870484,1.4335643445447,0.017031536696174,0.98,0.359116644944665,0.0271582392333155,0.0980600000000009,0.0631051632804559,4.90300000000004
"S4b_subgroup","hdps",50,1000,100,2.16666666666667,0.0455789734556005,0.0926975710662006,0.0836301416643216,0.102461825619146,1.43449081790626,0.0178365474209996,1,0.502484508579384,0.0294917826987312,0.06028,0.00807626909216,3.014
"S4b_subgroup","tmle",50,1000,100,2.16666666666667,0.0250219646055263,0.0854581866136812,0.0718434465802263,0.0882220966585639,1.43304658773083,0.0171732146219049,0.98,0.357943557083013,0.0253575108815979,0.0953399999999998,0.0158353904857676,4.76699999999999
"S4c_qualitative","gformula",50,1000,100,0.0281814267818084,0.0284720094100397,0.0825412433882743,0.07125715026256,0.086530058608128,1.99656867015275,0.0500693638774647,0.98,0.386910842657797,0.0201088049552201,2.01546,0.120549288759444,100.773
"S4c_qualitative","hdml",50,1000,100,0.0281814267818084,0.0306180605805699,0.0772676616189072,0.0682678071458647,0.082391451832871,1.99655968527656,0.0501556796201528,1,0.404132340581031,0.0264894335245025,0.0926199999999989,0.00977479056615762,4.63099999999994
"S4c_qualitative","hdps",50,1000,100,0.0281814267818084,0.0530263343863602,0.0904174369262081,0.0842933425067785,0.104036526185532,1.99739157964825,0.0505710482121716,1,0.570050715460791,0.0558022456880459,0.0665600000000018,0.0104376868185651,3.32800000000009
"S4c_qualitative","tmle",50,1000,100,0.0281814267818084,0.0304174412691404,0.0772972188542986,0.0682864162879459,0.0823442989837108,1.9960864413733,0.0501463483411626,1,0.403149308056462,0.0261651404565839,0.109559999999998,0.0193803603513198,5.4779999999999
"S5_combined","gformula",50,1000,100,2,0.187149397300732,0.0745645916111792,0.187149397300732,0.201180460447147,0.187149397300732,0.0745645916111792,0.28,0.276944488110394,0.0124427699132042,1.92306,0.21568499422698,96.153
"S5_combined","hdml",50,1000,100,2,0.194804734052491,0.0738613552808424,0.194804734052491,0.208075164825373,0.142986993655988,0.0737557350704973,0.24,0.271472617079008,0.00817517285292349,0.0810600000000005,0.0147861076552232,4.05300000000003
"S5_combined","hdps",50,1000,100,2,0.22066048249358,0.0731258208837147,0.22066048249358,0.232231536404121,0.22066048249358,0.0731258208837147,0.36,0.384838311241463,0.0108884523677983,0.0502800000000013,0.0084347193074764,2.51400000000007
"S5_combined","tmle",50,1000,100,2,0.195304249795128,0.0733100531333344,0.195304249795128,0.20835216965667,0.195409885262803,0.0732443838159302,0.24,0.271302698012842,0.00801457991218538,0.0787799999999993,0.0156339374439061,3.93899999999996
"S5_interaction","gformula",50,1000,100,2,0.0173099207695495,0.0705138121017322,0.0555369878055529,0.0719193096478554,0.0555369878055529,0.0461588880347221,0.92,0.253573275560316,0.0101185918971951,2.01496,0.117302323515099,100.748
"S5_interaction","hdml",50,1000,100,2,0.0192078193458138,0.069870832899587,0.0550992562309934,0.0717860358865273,0.0548480954896755,0.0505021389284183,0.92,0.249044399632209,0.00714194435090805,0.0835199999999986,0.00959004585973353,4.17599999999993
"S5_interaction","hdps",50,1000,100,2,0.0419294783846383,0.069423501209983,0.062908394319257,0.0805065912050393,0.062908394319257,0.050747927992569,0.94,0.354553045794962,0.00737839770968761,0.0515000000000015,0.0106545956358386,2.57500000000007
"S5_interaction","tmle",50,1000,100,2,0.0195571730729213,0.0697794463988167,0.0550544732314879,0.0717932499301642,0.055244824341838,0.0464006599076478,0.92,0.248985001438157,0.00704411317726749,0.0801800000000003,0.015630543098402,4.00900000000001
"S5_quadratic","gformula",50,1000,100,2,0.193913951767938,0.0768170740416289,0.193913951767938,0.208291781636456,0.193913951767938,0.0768170740416289,0.22,0.272198443742731,0.012089723996599,1.97606,0.127150787874646,98.8030000000002
"S5_quadratic","hdml",50,1000,100,2,0.202703255652649,0.0776301949984123,0.202703255652649,0.216782213486635,0.149453217702481,0.0750177554231319,0.18,0.268713236969026,0.00850653992280078,0.080120000000004,0.0164163184119997,4.0060000000002
"S5_quadratic","hdps",50,1000,100,2,0.226157633070647,0.0793962440424454,0.226157633070647,0.239426321219711,0.226157633070647,0.0793962440424454,0.3,0.382574103815057,0.0118162898613961,0.0468999999999971,0.00774925934578183,2.34499999999986
"S5_quadratic","tmle",50,1000,100,2,0.20341618494025,0.0778656818809011,0.20341618494025,0.217531486047717,0.203531654592873,0.0778464100601143,0.18,0.268717681092383,0.00824289047426262,0.0792800000000023,0.0138062984739149,3.96400000000011
"S5_threshold","gformula",50,1000,100,2,-0.00111916202883181,0.0693768239848023,0.0544549573575224,0.0686886697770502,0.0544549573575224,0.0422913965165188,0.96,0.259237512113482,0.0111716755638286,1.9369,0.090412941551526,96.845
"S5_threshold","hdml",50,1000,100,2,0.00046375235755466,0.0702421181072527,0.0546849151797383,0.0695376956716176,0.0654364702644441,0.0436581292518922,0.94,0.254497238258576,0.00832528630201986,0.0815200000000004,0.011995305204063,4.07600000000002
"S5_threshold","hdps",50,1000,100,2,0.0292485368869063,0.0715923334610642,0.0625834646284755,0.0766709193646256,0.0625834646284755,0.0447412040302312,0.98,0.361648374869428,0.0115113862436254,0.0539799999999991,0.00929008688256934,2.69899999999996
"S5_threshold","tmle",50,1000,100,2,0.00122299135328747,0.0700971845037391,0.0548424885223627,0.0694034486008759,0.0557933516586977,0.0423989482110131,0.94,0.253984115893874,0.00807693812525254,0.0810399999999981,0.0120998566360232,4.05199999999991
"S5_trigonometric","gformula",50,1000,100,2,0.00585577261865932,0.0700440713045117,0.0536113060486214,0.069586913707785,0.0536113060486214,0.044814429426608,0.94,0.253667470242477,0.0100769051400442,1.95014,0.0855672572319784,97.507
"S5_trigonometric","hdml",50,1000,100,2,0.00797364774562668,0.0703104184488089,0.053878006432279,0.0700589958675474,0.0645362531787769,0.0464625879044486,0.96,0.25043242188191,0.00628862766013728,0.0787800000000016,0.01186022335199,3.93900000000008
"S5_trigonometric","hdps",50,1000,100,2,0.0292134072708609,0.0704396894780531,0.0607285584499337,0.0756038227939728,0.0607285584499337,0.0454903018331697,0.96,0.356399726127418,0.00856020488544466,0.0446199999999988,0.0109337336080622,2.23099999999994
"S5_trigonometric","tmle",50,1000,100,2,0.00841782715895167,0.0703813388168323,0.0538471788791821,0.0701806384315129,0.0541889780746142,0.0451553003006507,0.96,0.250100110227992,0.0063517139001196,0.0907199999999991,0.0550513823066923,4.53599999999996
"S6_conf10","gformula",50,1000,500,2,-0.00584334399852907,0.0526637621436002,0.0442471345036506,0.0524609099743847,0.0442471345036506,0.0284701448272759,1,0.25087033051693,0.00917652085251748,1.53406,0.231314293654713,76.7029999999998
"S6_conf10","hdml",50,1000,500,2,-0.00511672630761765,0.0522876033612594,0.0438293420081563,0.0520143680540883,0.0441734883343585,0.0290236062894431,1,0.24880820311377,0.00657903559595463,0.0898400000000001,0.0674153619022264,4.49200000000001
"S6_conf10","hdps",50,1000,500,2,0.0158971251268646,0.0553292417615491,0.046248605624381,0.057033473340916,0.046248605624381,0.0337137342438168,1,0.357156548338078,0.00952515528075553,0.0516400000000001,0.00855655853001375,2.582
"S6_conf10","tmle",50,1000,500,2,-0.00506324768114062,0.0523280192939437,0.0438752171090759,0.0520489543434196,0.0438789238823223,0.0282809396982106,1,0.249031151655219,0.00641100012185317,0.0816800000000003,0.0115413011681114,4.08400000000001
"S6_conf100","gformula",50,1000,500,2,0.766843364328067,0.093343017459467,0.766843364328067,0.772390708090315,0.766843364328067,0.093343017459467,0,0.329798910691668,0.0120346047715126,1.97588,0.101355635748386,98.794
"S6_conf100","hdml",50,1000,500,2,0.768691594012611,0.0926220002587055,0.768691594012611,0.774140830171703,0.758915911105247,0.0932200888231605,0,0.327891978327123,0.0087051648399842,0.0789599999999973,0.0119470942586262,3.94799999999987
"S6_conf100","hdps",50,1000,500,2,0.79522523277409,0.0896794713433731,0.79522523277409,0.800165439312036,0.79522523277409,0.0896794713433731,0,0.415295210158804,0.0129794654266186,0.051459999999995,0.00985654242477573,2.57299999999975
"S6_conf100","tmle",50,1000,500,2,0.768864263569013,0.0932554795729292,0.768864263569013,0.774386795196361,0.768864470009355,0.0932554531230612,0,0.327775792289407,0.00872603715689562,0.0773199999999997,0.00896578530427397,3.86599999999999
"S6_conf200","gformula",50,1000,500,2,1.40185173458571,0.0985347639670339,1.40185173458571,1.40524133282394,1.40185173458571,0.0985347639670339,0,0.386584993786777,0.0131911664752471,1.93,0.0919229935037705,96.4999999999998
"S6_conf200","hdml",50,1000,500,2,1.40696015010516,0.098845596110938,1.40696015010516,1.41035878655648,1.37334676837694,0.0979948651139509,0,0.386149731647883,0.0106151809426394,0.0675399999999979,0.0101261633244537,3.3769999999999
"S6_conf200","hdps",50,1000,500,2,1.42621532707436,0.0998668985981791,1.42621532707436,1.42963774735726,1.42621532707436,0.0998668985981791,0,0.46124051936039,0.0150239275769734,0.0523999999999987,0.0727113386997532,2.61999999999994
"S6_conf200","tmle",50,1000,500,2,1.40704494778713,0.0986728650492307,1.40704494778713,1.41043152712366,1.40704535501697,0.0986728383095267,0,0.386119753144684,0.0107764502985039,0.07342,0.0117109577154154,3.671
"S6_conf50","gformula",50,1000,500,2,0.372193393238208,0.07262311107326,0.372193393238208,0.379073285667681,0.372193393238208,0.07262311107326,0,0.293492965458976,0.00989908010465509,2.01408,0.108734434025552,100.704
"S6_conf50","hdml",50,1000,500,2,0.373537835228901,0.072098497774122,0.373537835228901,0.380295600633445,0.368083819263537,0.0730562226747376,0,0.289493182196553,0.00784721736353694,0.084799999999999,0.0165356757173234,4.23999999999995
"S6_conf50","hdps",50,1000,500,2,0.406224983428875,0.0737315855424181,0.406224983428875,0.412730368320841,0.406224983428875,0.0737315855424181,0,0.386955190636944,0.010923768227806,0.0567599999999999,0.0140836567607685,2.83799999999999
"S6_conf50","tmle",50,1000,500,2,0.373391480252392,0.072135643352973,0.373391480252392,0.380158753083736,0.373391653343034,0.0721357009764111,0,0.289722591374337,0.00761052827739497,0.0872399999999988,0.0204396173932789,4.36199999999994
"S7_extreme","gformula",50,1000,100,2,0.0224573928511763,0.103399890958817,0.0843860606220132,0.104795234600441,0.0843860606220132,0.0627680697428578,0.92,0.383784139400837,0.0207328399743223,1.58372,0.267961468445424,79.1860000000001
"S7_extreme","hdml",50,1000,100,2,0.0383834928033486,0.12662915779687,0.10123825815704,0.131101248094907,0.0891326246837426,0.0688511807307612,0.86,0.424692618322907,0.193807806695537,0.14958,0.0701476838606979,7.47900000000001
"S7_extreme","hdps",50,1000,100,2,0.763438311899428,0.190827217724017,0.763438311899428,0.786463465495793,0.763438311899428,0.190827217724017,0.02,0.637300797799046,0.257779004275372,0.11702,0.0233329844483144,5.85100000000001
"S7_extreme","tmle",50,1000,100,2,0.0228139292243377,0.469843284366922,0.358762144446092,0.465680290536389,0.463199916959118,0.366568676365203,0.36,0.363702093159676,0.13683985081202,0.14296,0.0177361155814441,7.14800000000001
"S7_good","gformula",50,1000,100,2,0.0263722371503121,0.07458086844765,0.0610683526704167,0.0783999662751832,0.0610683526704167,0.0496642915090243,0.86,0.270572846299116,0.013267058082231,1.99406,0.123377041161289,99.703
"S7_good","hdml",50,1000,100,2,0.0233093109985357,0.0736549759714029,0.0597663570167668,0.0765498422915909,0.0620689381820555,0.0497322312013519,0.88,0.278236137541827,0.0182209016867467,0.0950200000000007,0.0132024889428369,4.75100000000003
"S7_good","hdps",50,1000,100,2,0.0495514697272197,0.0830705126318789,0.0758810390472416,0.096010645345567,0.0758810390472416,0.0594199163750987,1,0.443819838788775,0.0348258232502808,0.0613399999999999,0.00966713346281086,3.06699999999999
"S7_good","tmle",50,1000,100,2,0.0231579545645103,0.0738878260691487,0.0599716818544615,0.0767236175112475,0.0613657530282817,0.0475594844537633,0.88,0.27747891841326,0.0173703041921285,0.0947400000000027,0.0149404395749851,4.73700000000014
"S7_moderate","gformula",50,1000,100,2,0.0214263460237781,0.0861333391839558,0.072633162409686,0.0879184928244876,0.072633162409686,0.0500416673209727,0.9,0.306682152583118,0.0172172392317285,2.02552,0.144381331825106,101.276
"S7_moderate","hdml",50,1000,100,2,0.0155915586032548,0.121498852886851,0.103748869955352,0.121284081921095,0.0754814332148835,0.0517619948033422,0.9,0.397238366491963,0.116624037318213,0.104720000000001,0.014425091518119,5.23600000000005
"S7_moderate","hdps",50,1000,100,2,0.0817628725501213,0.177560566912886,0.168716825903062,0.193861721728722,0.168716825903062,0.096452377002377,0.82,0.649710615228225,0.273827593709558,0.0748600000000022,0.0129173352910133,3.74300000000011
"S7_moderate","tmle",50,1000,100,2,0.020190981619829,0.124534311119579,0.106019856434293,0.124925155560759,0.145902806455547,0.0786722735285965,0.84,0.368582079993265,0.0756295168184099,0.103280000000002,0.0131506809011208,5.1640000000001
"S7_weak","gformula",50,1000,100,2,0.0284054302224641,0.091736457511471,0.0793917134939309,0.0951532161839111,0.0793917134939309,0.0529833471974412,0.96,0.355499204224894,0.0188116969518877,1.95238,0.0908155542732611,97.6190000000001
"S7_weak","hdml",50,1000,100,2,0.029923617915343,0.157053191227544,0.119190532437772,0.15832818348735,0.0859885099688133,0.0559917840745164,0.84,0.476579685623236,0.172133874479568,0.115899999999999,0.0133603892158859,5.79499999999996
"S7_weak","hdps",50,1000,100,2,0.417133064561171,0.207185386073638,0.42671424589571,0.464830358376717,0.42671424589571,0.186214201924149,0.3,0.697339248348171,0.21348528365152,0.0879599999999994,0.00939596092119405,4.39799999999997
"S7_weak","tmle",50,1000,100,2,0.00308827297890982,0.264663040318616,0.217793764465329,0.262021243112981,0.31714268258478,0.186456538081768,0.52,0.416693819822692,0.109906961954433,0.108340000000009,0.0140547181416345,5.41700000000043
"S8_mean","gformula",50,1000,100,2,0.0141740529971555,0.156440553287416,0.115434904152565,0.155515521916565,0.115434904152565,0.105268657565209,0.9,0.514606390362341,0.0568537815940923,1.61772,0.19051852339104,80.886
"S8_mean","hdml",50,1000,100,2,0.0131963310839159,0.208686735324628,0.145224140809317,0.207010370717311,0.115414362030629,0.104987739846254,0.86,0.587327556413481,0.134375867597869,0.0696400000000023,0.00779785423127682,3.48200000000011
"S8_mean","hdps",50,1000,100,2,0.0950738981504843,0.225069131060834,0.192977945075136,0.242243756557064,0.192977945075136,0.147915965888577,1,1.62684481876116,0.364937555279114,0.0662399999999997,0.0218795963101232,3.31199999999998
"S8_mean","tmle",50,1000,100,2,0.0170198085547318,0.222544521707189,0.158850360768196,0.220964288386797,0.189717960004013,0.161953709126988,0.78,0.558308456767197,0.114231171251977,0.0877400000000017,0.0159012385604125,4.38700000000009
"S8_variance","gformula",50,1000,100,2,0.021426346023778,0.0861333391839558,0.0726331624096859,0.0879184928244876,0.0726331624096859,0.0500416673209728,0.9,0.306682152583118,0.0172172392317286,1.9561,0.0837299473404421,97.8049999999998
"S8_variance","hdml",50,1000,100,2,0.0157275062480474,0.121558302765187,0.103794272945787,0.121359989306658,0.0758494910718808,0.052061068849856,0.9,0.397418048994686,0.116854846896275,0.100939999999998,0.0117602061622926,5.04699999999991
"S8_variance","hdps",50,1000,100,2,0.104138525430917,0.205948521129272,0.197103651381276,0.22893520910326,0.197103651381276,0.117636072227458,0.78,0.753782646933363,0.358449265005545,0.0754200000000026,0.00932429348420459,3.77100000000013
"S8_variance","tmle",50,1000,100,2,0.020078962470438,0.124467082534172,0.105938474604224,0.124841412503089,0.146233459095045,0.0780699567518053,0.84,0.368527219878963,0.0755060349955912,0.102319999999999,0.0126643320440728,5.11599999999993
"S9_ar1","gformula",50,1000,100,2,0.0221463333354615,0.0801605393516868,0.0675066439524399,0.0823872435998173,0.0675066439524399,0.0477077725479173,0.94,0.291884051466966,0.015182197225536,2.02784,0.119866143030041,101.392
"S9_ar1","hdml",50,1000,100,2,0.017283785445884,0.10227916386502,0.0830374931330299,0.102715802353136,0.067669913762059,0.0482255122932393,0.88,0.332246676739378,0.0685186552587185,0.09578,0.0161628068889848,4.789
"S9_ar1","hdps",50,1000,100,2,0.0704992220393611,0.129749262967446,0.116448741570796,0.146520695206987,0.116448741570796,0.0898297977385665,0.9,0.571044207237931,0.25003987182243,0.054799999999999,0.00313635691430364,2.73999999999995
"S9_ar1","tmle",50,1000,100,2,0.0210483324028991,0.104598762156129,0.085945258071868,0.105665109287056,0.104574393371927,0.0659571928827891,0.9,0.321276620287994,0.0447835084825682,0.0808199999999971,0.0112570884697738,4.04099999999985
"S9_block","gformula",50,1000,100,2,0.000462671383862467,0.0847062010150577,0.0677558169840622,0.0838561371958233,0.0677558169840623,0.0499080890976051,0.92,0.320417037706083,0.0171753807294731,1.90732000000001,0.105819530622769,95.3660000000003
"S9_block","hdml",50,1000,100,2,-0.00535501637327913,0.152753572689331,0.114749009973717,0.151313109446358,0.0680431798542575,0.0499330656782716,0.94,0.454566962812595,0.16309838160228,0.0920799999999974,0.0109894940553198,4.60399999999987
"S9_block","hdps",50,1000,100,2,0.134426451853643,0.278420139703424,0.253138492159725,0.306655979342625,0.253138492159725,0.174843351036636,0.72,0.843402907467261,0.372954345459137,0.0806799999999986,0.077041054520513,4.03399999999993
"S9_block","tmle",50,1000,100,2,0.00360970731981585,0.154086601825778,0.122172947391231,0.152580658118604,0.182935837898957,0.115146357474677,0.78,0.417397372017685,0.132888525828602,0.11114,0.0141853762008338,5.557
"S9_factor","gformula",50,1000,100,2,0.0115549876169658,0.074064460347291,0.0592909138064606,0.0742250034667091,0.0592909138064606,0.0451068875643475,0.9,0.284496264116068,0.0201313923824098,1.9064,0.18498317628964,95.3200000000001
"S9_factor","hdml",50,1000,100,2,0.00478432285305874,0.0758320295060162,0.063835839885973,0.0752221809719951,0.0596927263828804,0.046213826254608,0.96,0.319849025749472,0.0785772171439231,0.110160000000002,0.012916308311905,5.5080000000001
"S9_factor","hdps",50,1000,100,2,0.0363659164088282,0.121482054022136,0.0898287360859854,0.125639211780011,0.0898287360859854,0.0887326281353876,0.96,0.505941666356841,0.205827104166266,0.0797800000000041,0.0118980190428002,3.9890000000002
"S9_factor","tmle",50,1000,100,2,0.00297434637708469,0.0766952866901195,0.0634030935480564,0.0759826980097503,0.0814558617715148,0.0539016775574262,0.96,0.310970129358188,0.053150497875634,0.107339999999997,0.0135475127621582,5.36699999999985
